id,name,age,bid,user_id,description
1,Terri Britcher,454,50000,511037061,Crasfcadsf gfdsgm sdfg sdfg sdfg sdf gsgjg 
2,Michaella Whylie,385,50000,511037061,Praesent id massa id nisl venenatis lacinia sdfjghsdkjghsdkdsfgndfskjgns 
3,Bartholemy Bogays,255,50000,511037061,"Aenean fermentum. Done511037061c ut mauris eget mas asfgfsalfjladssdfgsdf
4,Emilee Igoe,2229,50000,511037061,"In sagittis dui vel nisl. Duis ac nibh. Fusce lagdfgdfsgdsg sfgsdfghj 
5,Molli Tidey,3396,50000,511037061,Duis aliquam convallis nunc. Proin at turpis a pe.fdgsdfgsfdggfdgdfc
6,Larina Rheubottom,4788,50000,511037061,"Quisque id justo sit amet sapien dignissims."kljfjgo dflkgjslfjdg 
7,Gilbert Side,3188,50000,511037061,"Maecenas leo odio, condimentum id, luctus nec, molestie sed, justo. Pelle"
8,Lottie McCrostie,2577,50000,511037061,"Curabitur in libero ut massa volutpat convallis. Morbi odio odio, elementum eu, interdum eu, tincidunt inst."
9,Ansley Foley,708,50000,511037061,"Aenean fermentum. Donec ut mauris eget massa tempor convallis. Nulla neque libero, convallis eget, eleifend luctus, ultricies"
10,Alley Leafe,3713,50000,511037061,Nullam porttitor lacus at turpis. Donec posuere metus vitae ipsum. Aliquam non mauris.
11,Wallis Dewer,2433,50000,511037061,"Curabitur gravida nisi at nibh. In hac habitasse platea dictumst. Aliquam augue quam, sollicitudin vitae, consecte"
12,Oralla Dyerson,449,50000,511037061,"Maecenas tristique, est et tempus semper, est quam pharetra magna, ac consequat metus sapien ut nunc. Vestibuluspendisse potenti."
13,Dietrich Riguard,274,50000,511037061,"Maecenas leo odio, condimentum id, luctus nec, molestie sed, justo. Pellentesque viverra pede ac diam. Cras p."
14,Spencer Ingledew,158,50000,511037061,In hac habitasse platea dictumst. Etiam faucibus cursus urna. Ut tellus.
15,Booth Golly,819,50000,511037061,Phasellus in felis. Donec semper sapien a libero. Nam dui.
16,Emilie Petrello,2390,50000,511037061,"Curabitur gravida nisi at nibh. In hac habitasse platea dictumst. Aliquam augue quam, sollicitudin vitae, const, lorem."
17,Stephanus Carrabott,4450,50000,511037061,"Curabitur at ipsum ac tellus semper interdum. Mauris ullamcorper purus sit amet nulla. Quisque arcu libero"
18,Laurene Smitten,1796,50000,511037061,"Mauris enim leo, rhoncus sed, vestibulum sit amet, cursus id, turpis. Integer aliquet, massa id lobortis conva libero."
19,Iago Aleswell,4787,50000,511037061,"Curabitur at ipsum ac tellus semper interdum. Mauris ullamcorper purus sit amet nulla. Quisque arcu libero, rutrum ac, lobortis vel, dapibus at, diam."
20,Magdalene Lound,3531,50000,511037061,Praesent id massa id nisl venenatis lacinia. Aenean sit amet justo. Morbi ut odio.
21,Kristian Redshaw,709,50000,511037061,Duis aliquam convallis nunc. Proin at turpis a pede posuere nonummy. Integer non velit.
22,Penrod Stoaks,2616,50000,511037061,Nullam porttitor lacus at turpis. Donec posuere metus vitae ipsum. Aliquam non mauris.
23,Adelaide Chichgar,1136,50000,511037061,"Vestibulum quam sapien, varius ut, blandit non, interdum in, ante. Vestibulum ante ipsum primis in faucibus orci luctus et ultrices posuere cubilia Curae; Duis faucibus accumsan odio. Curabitur convallis."
24,Desmund Domney,3017,50000,511037061,"Duis bibendum, felis sed interdum venenatis, turpis enim blandit mi, in porttitor pede justo eu massa. Donec dapibus. Duis at velit eu est congue elementum."
25,Spenser Seear,109,50000,511037061,"Curabitur in libero ut massa volutpat convallis. Morbi odio odio, elementum eu, interdum eu, tincidunt in, leo. Maecenas pulvinar lobortis est."
26,Giffie Dat,166,50000,511037061,"Mauris enim leo, rhoncus sed, vestibulum sit amet, cursus id, turpis. Integer aliquet, massa id lobortis convallis, tortor risus dapibus augue, vel accumsan tellus nisi eu orci. Mauris lacinia sapien quis libero."
27,Adeline Shoobridge,451,50000,511037061,Integer tincidunt ante vel ipsum. Praesent blandit lacinia erat. Vestibulum sed magna at nunc commodo placerat.
28,Edita Barbara,1191,50000,511037061,"Proin interdum mauris non ligula pellentesque ultrices. Phasellus id sapien in sapien iaculis congue. Vivamus metus arcu, adipiscing molestie, hendrerit at, vulputate vitae, nisl."
29,Feliza Gooderson,623,50000,511037061,"Sed sagittis. Nam congue, risus semper porta volutpat, quam pede lobortis ligula, sit amet eleifend pede libero quis orci. Nullam molestie nibh in lectus."
30,Sheri Tyrer,3674,50000,511037061,Fusce consequat. Nulla nisl. Nunc nisl.
31,Lisetta Cranmer,3490,50000,511037061,"Praesent blandit. Nam nulla. Integer pede justo, lacinia eget, tincidunt eget, tempus vel, pede."
32,Esteban Poel,2124,50000,511037061,In congue. Etiam justo. Etiam pretium iaculis justo.
33,Abraham Gillmor,1527,50000,511037061,"Morbi non lectus. Aliquam sit amet diam in magna bibendum imperdiet. Nullam orci pede, venenatis non, sodales sed, tincidunt eu, felis."
34,Allyson Large,3284,50000,511037061,Cras non velit nec nisi vulputate nonummy. Maecenas tincidunt lacus at velit. Vivamus vel nulla eget eros elementum pellentesque.
35,Katrina Fivey,3540,50000,511037061,Cras non velit nec nisi vulputate nonummy. Maecenas tincidunt lacus at velit. Vivamus vel nulla eget eros elementum pellentesque.
36,Bernita Bullar,2663,50000,511037061,Integer tincidunt ante vel ipsum. Praesent blandit lacinia erat. Vestibulum sed magna at nunc commodo placerat.
37,Bordy Doblin,3380,50000,511037061,"Curabitur at ipsum ac tellus semper interdum. Mauris ullamcorper purus sit amet nulla. Quisque arcu libero, rutrum ac, lobortis vel, dapibus at, diam."
38,Edlin Rossborough,629,50000,511037061,Nulla ut erat id mauris vulputate elementum. Nullam varius. Nulla facilisi.
39,Hallsy Happert,4218,50000,511037061,"Lorem ipsum dolor sit amet, consectetuer adipiscing elit. Proin risus. Praesent lectus."
40,Mariel Wick,4098,50000,511037061,"Vestibulum ac est lacinia nisi venenatis tristique. Fusce congue, diam id ornare imperdiet, sapien urna pretium nisl, ut volutpat sapien arcu sed augue. Aliquam erat volutpat."
41,Fransisco Hambrook,3910,50000,511037061,Nullam porttitor lacus at turpis. Donec posuere metus vitae ipsum. Aliquam non mauris.
42,Kirbee Hannigane,892,50000,511037061,"Proin interdum mauris non ligula pellentesque ultrices. Phasellus id sapien in sapien iaculis congue. Vivamus metus arcu, adipiscing molestie, hendrerit at, vulputate vitae, nisl."
43,Antonin Rubinfajn,4687,50000,511037061,Fusce consequat. Nulla nisl. Nunc nisl.
44,Nicolais Messer,4870,50000,511037061,"Proin leo odio, porttitor id, consequat in, consequat ut, nulla. Sed accumsan felis. Ut at dolor quis odio consequat varius."
45,Maurits Jewkes,2570,50000,511037061,Nulla ut erat id mauris vulputate elementum. Nullam varius. Nulla facilisi.
46,Dewain Prentice,2890,50000,511037061,"Donec diam neque, vestibulum eget, vulputate ut, ultrices vel, augue. Vestibulum ante ipsum primis in faucibus orci luctus et ultrices posuere cubilia Curae; Donec pharetra, magna vestibulum aliquet ultrices, erat tortor sollicitudin mi, sit amet lobortis sapien sapien non mi. Integer ac neque."
47,Judi Canelas,4977,50000,511037061,Maecenas ut massa quis augue luctus tincidunt. Nulla mollis molestie lorem. Quisque ut erat.
48,Arlan Butterfield,4404,50000,511037061,"Mauris enim leo, rhoncus sed, vestibulum sit amet, cursus id, turpis. Integer aliquet, massa id lobortis convallis, tortor risus dapibus augue, vel accumsan tellus nisi eu orci. Mauris lacinia sapien quis libero."
49,Delinda Renneke,1073,50000,511037061,Cras non velit nec nisi vulputate nonummy. Maecenas tincidunt lacus at velit. Vivamus vel nulla eget eros elementum pellentesque.
50,Tonnie Marney,2082,50000,511037061,Duis consequat dui nec nisi volutpat eleifend. Donec ut dolor. Morbi vel lectus in quam fringilla rhoncus.
